CustomerID,FirstName,LastName,City,Country
C1406,Lama,AlAnazi,Riyadh,Saudi Arabia
C3826,Huda,AlMutairi,Medina,Saudi Arabia
C5529,Khalid,AlShammari,Tabuk,Saudi Arabia
C5668,Abdullah,AlQahtani,Jubail,Saudi Arabia
C2329,Huda,AlQahtani,Jeddah,Saudi Arabia
C4763,Khalid,AlZahrani,Hail,Saudi Arabia
C6435,Abdullah,AlZahrani,Abha,Saudi Arabia
C4986,Ali,AlZahrani,Riyaddh,Saudi Arabia
C6935,Hussain,AlGhamdi,Abha,Saudi Arabia
C6013,Abdullah,AlMalki,Abha,Saudi Arabia
C1745,Maha,AlMalki,Dammam,Saudi Arabia
C4552,Ali,AlOtaibi,Tabuk,Saudi Arabia
C4321,Aisha,AlHarbi,Hail,Saudi Arabia
C4129,Lama,AlZahrani,Hail,Saudi Arabia
C8253,Reem,AlQahtani,Dammam,Saudi Arabia
C7219,Abdullah,AlZahrani,Riyadh,Saudi Arabia
C3549,Ali,AlMutairi,Dammam,Saudi Arabia
C6701,Noura,AlMutairi,Hail,Saudi Arabia
C8573,Abdullah,AlQahtani,Mecca,Saudi Arabia
C5224,Abdullah,AlGhamdi,Jubail,Saudi Arabia
C1905,Hussain,AlMutairi,Hail,Saudi Arabia
C5424,Aisha,AlAnazi,Mecca,Saudi Arabia
C2022,Reem,AlMalki,Abha,Saudi Arabia
C1234,Maha,AlZahrani,Hail,Saudi Arabia
C8837,Lama,AlQahtani,Tabuk,Saudi Arabia
C2206,Abdullah,AlOtaibi,Dammam,Saudi Arabia
C3485,Turki,AlAnazi,Riyadh,Saudi Arabia
C4734,Omar,AlGhamdi,Riyadh,Saudi Arabia
C4973,Abdullah,AlMutairi,Riyadh,Saudi Arabia
C5687,Turki,AlMalki,Jeddah,Saudi Arabia
C4561,Reem,AlQahtani,Riyadh,Saudi Arabia
C4699,Turki,AlQahtani,Tabuk,Saudi Arabia
C7654,Turki,AlZahrani,Hail,Saudi Arabia
C2677,Noura,AlMalki,Mecca,Saudi Arabia
C6889,Hussain,AlAnazi,Jeddah,Saudi Arabia
C2788,Hussain,AlQahtani,Abha,Saudi Arabia
C3352,Khalid,AlHarbi,Dammam,Saudi Arabia
C4169,Lama,AlMutairi,Medina,Saudi Arabia
C4466,Reem,AlSubaie,Jeddah,Saudi Arabia
C5120,Aisha,AlShammari,Dammam,Saudi Arabia
C3601,Lama,AlHarbi,Tabuk,Saudi Arabia
C5853,Huda,AlGhamdi,Medina,Saudi Arabia
C4874,Fahad,AlMalki,Jeddah,Saudi Arabia
C4217,Abdullah,AlGhamdi,Medina,Saudi Arabia
C3376,Sara,AlHarbi,Mecca,Saudi Arabia
C9289,Abdullah,AlQahtani,Hail,Saudi Arabia
C7209,Maha,AlGhamdi,Riyadh,Saudi Arabia
C8210,Khalid,AlHarbi,Mecca,Saudi Arabia
C1440,Reem,AlShammari,Medina,Saudi Arabia
C4193,Fahad,AlGhamdi,Medina,Saudi Arabia
C7526,Hussain,AlHarbi,Mecca,Saudi Arabia
C9825,Abdullah,AlMalki,Riyadh,Saudi Arabia
C3114,Sara,AlMutairi,Abha,Saudi Arabia
C9401,Turki,AlGhamdi,Hail,Saudi Arabia
C3459,Turki,AlAnazi,Jubail,Saudi Arabia
C7529,Turki,AlSubaie,Jubail,Saudi Arabia
C9386,Khalid,AlGhamdi,Medina,Saudi Arabia
C1294,Khalid,AlOtaibi,Tabuk,Saudi Arabia
C9073,Abdullah,AlShammari,Dammam,Saudi Arabia
C5529,Ali,AlShammari,Jubail,Saudi Arabia
C1159,Ali,AlMutairi,Abha,Saudi Arabia
C9721,Huda,AlMutairi,Jubail,Saudi Arabia
C1157,Fahad,AlZahrani,Jubail,Saudi Arabia
C9196,Turki,AlAnazi,Dammam,Saudi Arabia
C4330,Lama,AlSubaie,Abha,Saudi Arabia
C4809,Khalid,AlOtaibi,Riyadh,Saudi Arabia
C4381,Turki,AlZahrani,Hail,Saudi Arabia
C5820,Lama,AlOtaibi,Medina,Saudi Arabia
C5968,Omar,AlShammari,Abha,Saudi Arabia
C1502,Ali,AlHarbi,Mecca,Saudi Arabia
C4102,Hussain,AlZahrani,Riyadh,Saudi Arabia
C6698,Hussain,AlQahtani,Jubail,Saudi Arabia
C1089,Turki,AlQahtani,Abha,Saudi Arabia
C6041,Huda,AlQahtani,Jubail,Saudi Arabia
C3572,Reem,AlSubaie,Medina,Saudi Arabia
C6733,Sara,AlZahrani,Tabuk,Saudi Arabia
C7866,Reem,AlShammari,Hail,Saudi Arabia
C5461,Hussain,AlOtaibi,Dammam,Saudi Arabia
C6849,Maha,AlShammari,Hail,Saudi Arabia
C9087,Lama,AlSubaie,Abha,Saudi Arabia
C1222,Lama,AlMalki,Medina,Saudi Arabia
C2969,Hussain,AlAnazi,Medina,Saudi Arabia
C7407,Aisha,AlSubaie,Dammam,Saudi Arabia
C4246,Sara,AlGhamdi,Riyadh,Saudi Arabia
C2364,Abdullah,AlGhamdi,Mecca,Saudi Arabia
C3849,Reem,AlShammari,Jeddah,Saudi Arabia
C2423,Hussain,AlAnazi,Tabuk,Saudi Arabia
C7214,Sara,AlGhamdi,Mecca,Saudi Arabia
C9577,Hussain,AlQahtani,Hail,Saudi Arabia
C4740,Turki,AlZahrani,Hail,Saudi Arabia
C9805,Hussain,AlMutairi,Abha,Saudi Arabia
C2819,Lama,AlAnazi,Medina,Saudi Arabia
C8982,Lama,AlMalki,Hail,Saudi Arabia
C8703,Huda,AlOtaibi,Jeddah,Saudi Arabia
C5483,Lama,AlShammari,Tabuk,Saudi Arabia
C7676,Turki,AlQahtani,Dammam,Saudi Arabia
C9945,Khalid,AlQahtani,Dammam,Saudi Arabia
C6508,Fahad,AlMutairi,Hail,Saudi Arabia
C3296,Omar,AlGhamdi,Jubail,Saudi Arabia
C1015,Abdullah,AlMalki,Jeddah,Saudi Arabia
C5053,Hussain,AlMutairi,Jeddah,Saudi Arabia
C9096,Noura,AlShammari,Hail,Saudi Arabia
C7326,Noura,AlOtaibi,Riyadh,Saudi Arabia
C3565,Hussain,AlGhamdi,Jubail,Saudi Arabia
C1978,Huda,AlGhamdi,Jubail,Saudi Arabia
C8696,Abdullah,AlMutairi,Riyadh,Saudi Arabia
C1850,Aisha,AlSubaie,Mecca,Saudi Arabia
C5945,Noura,AlGhamdi,Jubail,Saudi Arabia
C4038,Aisha,AlSubaie,Jeddah,Saudi Arabia
C5160,Aisha,AlZahrani,Dammam,Saudi Arabia
C1640,Turki,AlShammari,Tabuk,Saudi Arabia
C9541,Omar,AlShammari,Hail,Saudi Arabia
C7310,Fahad,AlSubaie,Mecca,Saudi Arabia
C5734,Abdullah,AlZahrani,Jubail,Saudi Arabia
C2815,Noura,AlHarbi,Medina,Saudi Arabia
C5917,Fahad,AlZahrani,Abha,Saudi Arabia
C5613,Sara,AlMalki,Tabuk,Saudi Arabia
C8478,Khalid,AlSubaie,Mecca,Saudi Arabia
C9810,Aisha,AlSubaie,Mecca,Saudi Arabia
C4580,Sara,AlGhamdi,Jeddah,Saudi Arabia
C9252,Sara,AlQahtani,Tabuk,Saudi Arabia
C1903,Sara,AlMalki,Riyadh,Saudi Arabia
C2235,Reem,AlMutairi,Abha,Saudi Arabia
C2742,Turki,AlMalki,Jubail,Saudi Arabia
C6782,Noura,AlZahrani,Tabuk,Saudi Arabia
C1714,Fahad,AlHarbi,Mecca,Saudi Arabia
C2371,Huda,AlGhamdi,Jeddah,Saudi Arabia
C5416,Lama,AlOtaibi,Riyadh,Saudi Arabia
C4668,Lama,AlShammari,Mecca,Saudi Arabia
C5078,Noura,AlAnazi,Hail,Saudi Arabia
C8464,Noura,AlMutairi,Mecca,Saudi Arabia
C9208,Reem,AlAnazi,Abha,Saudi Arabia
C9490,Reem,AlOtaibi,Jeddah,Saudi Arabia
C6042,Turki,AlSubaie,Tabuk,Saudi Arabia
C2037,Omar,AlMalki,Abha,Saudi Arabia
C2780,Omar,AlMutairi,Hail,Saudi Arabia
C8683,Khalid,AlShammari,Jeddah,Saudi Arabia
C9100,Omar,AlZahrani,Mecca,Saudi Arabia
C7065,Ali,AlOtaibi,Hail,Saudi Arabia
C3702,Lama,AlMalki,Jeddah,Saudi Arabia
C3627,Fahad,AlShammari,Hail,Saudi Arabia
C3359,Hussain,AlShammari,Jubail,Saudi Arabia
C4734,Hussain,AlSubaie,Mecca,Saudi Arabia
C8312,Hussain,AlAnazi,Mecca,Saudi Arabia
C4637,Turki,AlShammari,Dammam,Saudi Arabia
C1853,Khalid,AlMalki,Riyadh,Saudi Arabia
C9508,Abdullah,AlMutairi,Medina,Saudi Arabia
C8608,Fahad,AlShammari,Abha,Saudi Arabia
C9052,Abdullah,AlShammari,Dammam,Saudi Arabia
C7593,Abdullah,AlGhamdi,Mecca,Saudi Arabia
C2628,Ali,AlHarbi,Tabuk,Saudi Arabia
C1816,Turki,AlShammari,Abha,Saudi Arabia
C6386,Maha,AlShammari,Dammam,Saudi Arabia
C3800,Huda,AlMalki,Jeddah,Saudi Arabia
C4493,Maha,AlAnazi,Dammam,Saudi Arabia
C8106,Ali,AlQahtani,Medina,Saudi Arabia
C8250,Ali,AlShammari,Tabuk,Saudi Arabia
C2919,Ali,AlShammari,Mecca,Saudi Arabia
C9685,Turki,AlHarbi,Jubail,Saudi Arabia
C2058,Fahad,AlMalki,Riyadh,Saudi Arabia
C8073,Reem,AlMalki,Mecca,Saudi Arabia
C9409,Fahad,AlSubaie,Jeddah,Saudi Arabia
C8351,Reem,AlHarbi,Mecca,Saudi Arabia
C4834,Ali,AlGhamdi,Abha,Saudi Arabia
C4873,Khalid,AlHarbi,Medina,Saudi Arabia
C4784,Huda,AlShammari,Hail,Saudi Arabia
C9185,Omar,AlHarbi,Hail,Saudi Arabia
C1809,Turki,AlOtaibi,Dammam,Saudi Arabia
C6337,Fahad,AlMutairi,Hail,Saudi Arabia
C7479,Lama,AlHarbi,Riyadh,Saudi Arabia
C6960,Reem,AlQahtani,Dammam,Saudi Arabia
C2901,Omar,AlShammari,Riyadh,Saudi Arabia
C8107,Khalid,AlQahtani,Jubail,Saudi Arabia
C4055,Hussain,AlGhamdi,Abha,Saudi Arabia
C6198,Reem,AlMalki,Riyadh,Saudi Arabia
C5439,Hussain,AlSubaie,Jubail,Saudi Arabia
C7758,Aisha,AlSubaie,Jeddah,Saudi Arabia
C8509,Turki,AlGhamdi,Dammam,Saudi Arabia
C1785,Noura,AlZahrani,Dammam,Saudi Arabia
C5930,Ali,AlGhamdi,Dammam,Saudi Arabia
C5382,Reem,AlMalki,Medina,Saudi Arabia
C4278,Ali,AlZahrani,Abha,Saudi Arabia
C7934,Turki,AlOtaibi,Abha,Saudi Arabia
C4996,Lama,AlMalki,Dammam,Saudi Arabia
C3590,Hussain,AlAnazi,Abha,Saudi Arabia
C4073,Omar,AlMalki,Hail,Saudi Arabia
C7199,Huda,AlGhamdi,Hail,Saudi Arabia
C3107,Maha,AlZahrani,Jubail,Saudi Arabia
C2334,Aisha,AlZahrani,Abha,Saudi Arabia
C7778,Khalid,AlMalki,Mecca,Saudi Arabia
C9202,Hussain,AlOtaibi,Riyadh,Saudi Arabia
C9317,Reem,AlMalki,Abha,Saudi Arabia
C6966,Noura,AlSubaie,Jubail,Saudi Arabia
C4530,Ali,AlAnazi,Mecca,Saudi Arabia
C9540,Aisha,AlMalki,Riyadh,Saudi Arabia
C7403,Fahad,AlAnazi,Riyadh,Saudi Arabia
C6279,Aisha,AlMalki,Jeddah,Saudi Arabia
C6059,Abdullah,AlQahtani,Dammam,Saudi Arabia
C9610,Sara,AlQahtani,Riyadh,Saudi Arabia
C8246,Noura,AlMalki,Jeddah,Saudi Arabia
C2647,Omar,AlQahtani,Medina,Saudi Arabia
C4001,Sara,AlSubaie,Tabuk,Saudi Arabia
C2377,Lama,AlQahtani,Riyadh,Saudi Arabia
C9737,Turki,AlMutairi,Hail,Saudi Arabia
C9353,Sara,AlSubaie,Medina,Saudi Arabia
C6926,Abdullah,AlMalki,Mecca,Saudi Arabia
C9867,Aisha,AlGhamdi,Dammam,Saudi Arabia
C8002,Maha,AlShammari,Tabuk,Saudi Arabia
C5163,Fahad,AlMutairi,Hail,Saudi Arabia
C3386,Turki,AlMutairi,Mecca,Saudi Arabia
C5681,Huda,AlQahtani,Jubail,Saudi Arabia
C7678,Ali,AlAnazi,Riyadh,Saudi Arabia
C6523,Lama,AlMalki,Jubail,Saudi Arabia
C8608,Omar,AlGhamdi,Riyadh,Saudi Arabia
C7248,Reem,AlZahrani,Tabuk,Saudi Arabia
C3720,Turki,AlShammari,Abha,Saudi Arabia
C2721,Ali,AlShammari,Hail,Saudi Arabia
C1085,Noura,AlShammari,Dammam,Saudi Arabia
C1918,Turki,AlSubaie,Jubail,Saudi Arabia
C4506,Fahad,AlSubaie,Medina,Saudi Arabia
C8676,Ali,AlMalki,Jubail,Saudi Arabia
C8678,Sara,AlGhamdi,Riyadh,Saudi Arabia
C6594,Aisha,AlOtaibi,Riyaddh,Saudi Arabia
C8787,Maha,AlAnazi,Jubail,Saudi Arabia
C7808,Abdullah,AlMalki,Jubail,Saudi Arabia
C7203,Fahad,AlHarbi,Abha,Saudi Arabia
C4242,Khalid,AlZahrani,Hail,Saudi Arabia
C5491,Abdullah,AlZahrani,Mecca,Saudi Arabia
C2231,Abdullah,AlAnazi,Tabuk,Saudi Arabia
C2717,Maha,AlGhamdi,Abha,Saudi Arabia
C9974,Turki,AlShammari,Abha,Saudi Arabia
C1223,Lama,AlQahtani,Dammam,Saudi Arabia
C1338,Huda,AlGhamdi,Jeddah,Saudi Arabia
C6145,Hussain,AlOtaibi,Jeddah,Saudi Arabia
C5922,Khalid,AlGhamdi,Riyadh,Saudi Arabia
C1405,Fahad,AlQahtani,Mecca,Saudi Arabia
C5198,Lama,AlSubaie,Jeddah,Saudi Arabia
C4646,Omar,AlHarbi,Mecca,Saudi Arabia
C8340,Fahad,AlMalki,Tabuk,Saudi Arabia
C2517,Maha,AlAnazi,Mecca,Saudi Arabia
C1748,Sara,AlMalki,Abha,Saudi Arabia
C6544,Sara,AlGhamdi,Mecca,Saudi Arabia
C1811,Reem,AlHarbi,Tabuk,Saudi Arabia
C9226,Ali,AlHarbi,Jeddah,Saudi Arabia
C6400,Huda,AlMalki,Jeddah,Saudi Arabia
C7673,Abdullah,AlMalki,Medina,Saudi Arabia
C4110,Ali,AlAnazi,Mecca,Saudi Arabia
C9090,Lama,AlQahtani,Riyadh,Saudi Arabia
C6206,Omar,AlHarbi,Riyadh,Saudi Arabia
C1382,Reem,AlQahtani,Hail,Saudi Arabia
C7689,Lama,AlMutairi,Riyadh,Saudi Arabia
C8745,Turki,AlQahtani,Tabuk,Saudi Arabia
C2298,Fahad,AlMalki,Jeddah,Saudi Arabia
C5070,Khalid,AlZahrani,Jubail,Saudi Arabia
C3146,Huda,AlQahtani,Medina,Saudi Arabia
C4995,Fahad,AlOtaibi,Hail,Saudi Arabia
C4424,Fahad,AlSubaie,Hail,Saudi Arabia
C9239,Turki,AlMutairi,Dammam,Saudi Arabia
C5531,Hussain,AlOtaibi,Tabuk,Saudi Arabia
C8676,Sara,AlAnazi,Tabuk,Saudi Arabia
C2692,Omar,AlMutairi,Jubail,Saudi Arabia
C6426,Turki,AlShammari,Abha,Saudi Arabia
C4992,Abdullah,AlShammari,Mecca,Saudi Arabia
C6707,Huda,AlMutairi,Mecca,Saudi Arabia
C7503,Sara,AlAnazi,Mecca,Saudi Arabia
C5969,Maha,AlShammari,Abha,Saudi Arabia
C7745,Khalid,AlAnazi,Jubail,Saudi Arabia
C8435,Fahad,AlMalki,Riyadh,Saudi Arabia
C7325,Huda,AlMutairi,Medina,Saudi Arabia
C1423,Lama,AlQahtani,Medina,Saudi Arabia
C1516,Khalid,AlQahtani,Dammam,Saudi Arabia
C5366,Lama,AlShammari,Hail,Saudi Arabia
C4005,Abdullah,AlMutairi,Riyadh,Saudi Arabia
C8787,Maha,AlHarbi,Abha,Saudi Arabia
C2937,Aisha,AlShammari,Abha,Saudi Arabia
C7311,Khalid,AlQahtani,Tabuk,Saudi Arabia
C8297,Reem,AlSubaie,Mecca,Saudi Arabia
C6094,Omar,AlOtaibi,Jubail,Saudi Arabia
C1421,Hussain,AlAnazi,Medina,Saudi Arabia
C4897,Lama,AlHarbi,Abha,Saudi Arabia
C2645,Maha,AlShammari,Mecca,Saudi Arabia
C1734,Abdullah,AlZahrani,Jeddah,Saudi Arabia
C7899,Aisha,AlOtaibi,Medina,Saudi Arabia
C5242,Sara,AlGhamdi,Medina,Saudi Arabia
C6551,Khalid,AlQahtani,Jeddah,Saudi Arabia
C3278,Maha,AlMalki,Abha,Saudi Arabia
C5053,Noura,AlQahtani,Abha,Saudi Arabia
C2434,Sara,AlAnazi,Tabuk,Saudi Arabia
C5705,Aisha,AlHarbi,Medina,Saudi Arabia
C3775,Hussain,AlGhamdi,Riyadh,Saudi Arabia
C7295,Noura,AlMalki,Jubail,Saudi Arabia
C5082,Noura,AlGhamdi,Dammam,Saudi Arabia
C1025,Abdullah,AlQahtani,Jeddah,Saudi Arabia
C3961,Sara,AlOtaibi,Abha,Saudi Arabia
C7720,Aisha,AlOtaibi,Dammam,Saudi Arabia
C3758,Fahad,AlMutairi,Jubail,Saudi Arabia
C4906,Noura,AlQahtani,Dammam,Saudi Arabia
C5179,Aisha,AlMalki,Abha,Saudi Arabia
C2655,Omar,AlMutairi,Mecca,Saudi Arabia
C6710,Turki,AlZahrani,Medina,Saudi Arabia
C7035,Ali,AlGhamdi,Jeddah,Saudi Arabia
C9564,Hussain,AlZahrani,Mecca,Saudi Arabia
C9968,Fahad,AlOtaibi,Dammam,Saudi Arabia
C3908,Aisha,AlQahtani,Abha,Saudi Arabia
C3775,Abdullah,AlMalki,Tabuk,Saudi Arabia
C3583,Omar,AlHarbi,Medina,Saudi Arabia
C7140,Aisha,AlAnazi,Jeddah,Saudi Arabia
C1402,Omar,AlGhamdi,Mecca,Saudi Arabia
C6607,Lama,AlZahrani,Riyadh,Saudi Arabia
C5062,Fahad,AlGhamdi,Mecca,Saudi Arabia
C4040,Ali,AlSubaie,Jubail,Saudi Arabia
C9427,Huda,AlGhamdi,Dammam,Saudi Arabia
C4183,Omar,AlAnazi,Riyadh,Saudi Arabia
C4645,Fahad,AlOtaibi,Dammam,Saudi Arabia
C5424,Maha,AlMalki,Medina,Saudi Arabia
C9724,Omar,AlQahtani,Abha,Saudi Arabia
C2283,Hussain,AlSubaie,Mecca,Saudi Arabia
C8808,Turki,AlAnazi,Hail,Saudi Arabia
C1755,Aisha,AlMalki,Tabuk,Saudi Arabia
C5438,Lama,AlMutairi,Abha,Saudi Arabia
C7660,Turki,AlMutairi,Riyadh,Saudi Arabia
C3362,Abdullah,AlShammari,Tabuk,Saudi Arabia
C8152,Noura,AlZahrani,Jubail,Saudi Arabia
C8991,Sara,AlAnazi,Abha,Saudi Arabia
C2771,Ali,AlShammari,Tabuk,Saudi Arabia
C2632,Fahad,AlMalki,Tabuk,Saudi Arabia
C3418,Noura,AlSubaie,Medina,Saudi Arabia
C5623,Lama,AlQahtani,Medina,Saudi Arabia
C9086,Maha,AlHarbi,Jeddah,Saudi Arabia
C9485,Abdullah,AlShammari,Jeddah,Saudi Arabia
C8166,Reem,AlAnazi,Tabuk,Saudi Arabia
C5094,Omar,AlGhamdi,Jubail,Saudi Arabia
C9154,Hussain,AlSubaie,Medina,Saudi Arabia
C5179,Omar,AlMutairi,Medina,Saudi Arabia
C9545,Maha,AlMalki,Jeddah,Saudi Arabia
C9287,Fahad,AlMalki,Jeddah,Saudi Arabia
C3974,Aisha,AlOtaibi,Riyadh,Saudi Arabia
C6414,Huda,AlAnazi,Jeddah,Saudi Arabia
C2265,Fahad,AlQahtani,Jeddah,Saudi Arabia
C5628,Abdullah,AlZahrani,Jubail,Saudi Arabia
C4269,Lama,AlMalki,Abha,Saudi Arabia
C4690,Noura,AlZahrani,Jubail,Saudi Arabia
C9648,Hussain,AlQahtani,Jeddah,Saudi Arabia
C1023,Turki,AlHarbi,Medina,Saudi Arabia
C1739,Huda,AlAnazi,Abha,Saudi Arabia
C8648,Fahad,AlSubaie,Tabuk,Saudi Arabia
C5182,Omar,AlHarbi,Tabuk,Saudi Arabia
C3661,Khalid,AlOtaibi,Mecca,Saudi Arabia
C9624,Omar,AlQahtani,Tabuk,Saudi Arabia
C5467,Reem,AlMutairi,Dammam,Saudi Arabia
C8751,Huda,AlZahrani,Riyadh,Saudi Arabia
C9655,Sara,AlMalki,Tabuk,Saudi Arabia
C2881,Huda,AlMutairi,Jeddah,Saudi Arabia
C8285,Fahad,AlHarbi,Jeddah,Saudi Arabia
C1134,Fahad,AlGhamdi,Jeddah,Saudi Arabia
C7863,Maha,AlZahrani,Hail,Saudi Arabia
C6801,Turki,AlSubaie,Hail,Saudi Arabia
C1452,Hussain,AlMalki,Jubail,Saudi Arabia
C2551,Noura,AlOtaibi,Jubail,Saudi Arabia
C6832,Aisha,AlMalki,Jeddah,Saudi Arabia
C5706,Hussain,AlHarbi,Medina,Saudi Arabia
C9912,Lama,AlHarbi,Tabuk,Saudi Arabia
C8819,Hussain,AlOtaibi,Hail,Saudi Arabia
C8432,Maha,AlQahtani,Mecca,Saudi Arabia
C3761,Khalid,AlAnazi,Tabuk,Saudi Arabia
C5548,Khalid,AlGhamdi,Hail,Saudi Arabia
C4402,Hussain,AlAnazi,Jeddah,Saudi Arabia
C2563,Noura,AlMutairi,Abha,Saudi Arabia
C2901,Lama,AlAnazi,Dammam,Saudi Arabia
C5495,Fahad,AlShammari,Dammam,Saudi Arabia
C9652,Fahad,AlMalki,Jeddah,Saudi Arabia
C7115,Omar,AlAnazi,Mecca,Saudi Arabia
C5141,Maha,AlAnazi,Jeddah,Saudi Arabia
C5026,Khalid,AlGhamdi,Abha,Saudi Arabia
C8502,Turki,AlSubaie,Abha,Saudi Arabia
C3526,Reem,AlShammari,Jeddah,Saudi Arabia
C2646,Abdullah,AlAnazi,Dammam,Saudi Arabia
C5234,Reem,AlSubaie,Mecca,Saudi Arabia
C8566,Abdullah,AlShammari,Jeddah,Saudi Arabia
C1136,Khalid,AlMutairi,Medina,Saudi Arabia
C6459,Aisha,AlHarbi,Riyadh,Saudi Arabia
C2895,Reem,AlAnazi,Tabuk,Saudi Arabia
C8424,Maha,AlShammari,Mecca,Saudi Arabia
C9295,Fahad,AlAnazi,Medina,Saudi Arabia
C9124,Ali,AlShammari,Riyadh,Saudi Arabia
C2257,Fahad,AlSubaie,Riyadh,Saudi Arabia
C2016,Hussain,AlAnazi,Jeddah,Saudi Arabia
C9061,Omar,AlOtaibi,Riyadh,Saudi Arabia
C3198,Hussain,AlMalki,Dammam,Saudi Arabia
C4069,Sara,AlMutairi,Mecca,Saudi Arabia
C6942,Huda,AlOtaibi,Hail,Saudi Arabia
C8847,Noura,AlShammari,Jubail,Saudi Arabia
C8613,Lama,AlQahtani,Dammam,Saudi Arabia
C5862,Khalid,AlSubaie,Hail,Saudi Arabia
C6078,Khalid,AlHarbi,Hail,Saudi Arabia
C3067,Lama,AlSubaie,Jeddah,Saudi Arabia
C2490,Turki,AlMutairi,Dammam,Saudi Arabia
C4943,Sara,AlAnazi,Medina,Saudi Arabia
C2631,Ali,AlSubaie,Jubail,Saudi Arabia
C5839,Ali,AlZahrani,Abha,Saudi Arabia
C8700,Reem,AlGhamdi,Abha,Saudi Arabia
C8669,Maha,AlOtaibi,Jeddah,Saudi Arabia
C4915,Noura,AlHarbi,Jeddah,Saudi Arabia
C6146,Noura,AlMutairi,Dammam,Saudi Arabia
C5073,Khalid,AlAnazi,Riyadh,Saudi Arabia
C6654,Khalid,AlSubaie,Abha,Saudi Arabia
C4639,Hussain,AlGhamdi,Mecca,Saudi Arabia
C3012,Hussain,AlMutairi,Riyadh,Saudi Arabia
C3863,Fahad,AlMalki,Jubail,Saudi Arabia
C1574,Noura,AlZahrani,Hail,Saudi Arabia
C3099,Hussain,AlZahrani,Jubail,Saudi Arabia
C3615,Fahad,AlQahtani,Tabuk,Saudi Arabia
C8746,Reem,AlGhamdi,Dammam,Saudi Arabia
C2036,Fahad,AlQahtani,Medina,Saudi Arabia
C1666,Huda,AlShammari,Tabuk,Saudi Arabia
C4837,Reem,AlOtaibi,Jubail,Saudi Arabia
C5506,Ali,AlGhamdi,Medina,Saudi Arabia
C1083,Maha,AlZahrani,Tabuk,Saudi Arabia
C6741,Lama,AlQahtani,Abha,Saudi Arabia
C9623,Aisha,AlMutairi,Dammam,Saudi Arabia
C6637,Huda,AlGhamdi,Dammam,Saudi Arabia
C5655,Turki,AlMutairi,Mecca,Saudi Arabia
C9393,Sara,AlGhamdi,Riyadh,Saudi Arabia
C2672,Sara,AlMalki,Hail,Saudi Arabia
C9105,Sara,AlGhamdi,Abha,Saudi Arabia
C5216,Fahad,AlMutairi,Jubail,Saudi Arabia
C2685,Aisha,AlGhamdi,Hail,Saudi Arabia
C9714,Noura,AlMutairi,Hail,Saudi Arabia
C7514,Khalid,AlAnazi,Hail,Saudi Arabia
C3046,Noura,AlQahtani,Mecca,Saudi Arabia
C7952,Noura,AlQahtani,Mecca,Saudi Arabia
C1142,Noura,AlShammari,Jubail,Saudi Arabia
C1301,Maha,AlHarbi,Jeddah,Saudi Arabia
C9374,Lama,AlOtaibi,Abha,Saudi Arabia
C8812,Lama,AlMalki,Jeddah,Saudi Arabia
C6632,Omar,AlHarbi,Jubail,Saudi Arabia
C3681,Fahad,AlMutairi,Jeddah,Saudi Arabia
C8421,Reem,AlSubaie,Mecca,Saudi Arabia
C4267,Hussain,AlSubaie,Abha,Saudi Arabia
C4564,Reem,AlAnazi,Riyadh,Saudi Arabia
C1335,Omar,AlAnazi,Dammam,Saudi Arabia
C7993,Turki,AlShammari,Hail,Saudi Arabia
C2122,Abdullah,AlGhamdi,Abha,Saudi Arabia
C3116,Maha,AlQahtani,Mecca,Saudi Arabia
C7324,Fahad,AlMutairi,Mecca,Saudi Arabia
C3700,Abdullah,AlZahrani,Jubail,Saudi Arabia
C5204,Turki,AlQahtani,Mecca,Saudi Arabia
C9046,Turki,AlZahrani,Abha,Saudi Arabia
C2544,Fahad,AlAnazi,Hail,Saudi Arabia
C3749,Fahad,AlMalki,Tabuk,Saudi Arabia
C5084,Lama,AlOtaibi,Hail,Saudi Arabia
C9720,Abdullah,AlGhamdi,Jeddah,Saudi Arabia
C6406,Reem,AlShammari,Tabuk,Saudi Arabia
C8188,Sara,AlQahtani,Riyadh,Saudi Arabia
C5421,Abdullah,AlMutairi,Mecca,Saudi Arabia
C5656,Huda,AlSubaie,Abha,Saudi Arabia
C7295,Ali,AlQahtani,Jeddah,Saudi Arabia
C2938,Fahad,AlMalki,Dammam,Saudi Arabia
C5294,Turki,AlShammari,Medina,Saudi Arabia
C5677,Fahad,AlSubaie,Hail,Saudi Arabia
C2253,Reem,AlMalki,Hail,Saudi Arabia
C1152,Noura,AlMalki,Riyadh,Saudi Arabia
C2829,Ali,AlMutairi,Jubail,Saudi Arabia
C9110,Ali,AlGhamdi,Jeddah,Saudi Arabia
C7107,Ali,AlMalki,Medina,Saudi Arabia
C3924,Lama,AlHarbi,Riyadh,Saudi Arabia
C9630,Reem,AlAnazi,Mecca,Saudi Arabia
C7582,Turki,AlAnazi,Jeddah,Saudi Arabia
C6818,Fahad,AlSubaie,Jubail,Saudi Arabia
C1016,Reem,AlAnazi,Mecca,Saudi Arabia
C3128,Khalid,AlSubaie,Dammam,Saudi Arabia
C3658,Maha,AlHarbi,Jubail,Saudi Arabia
C1970,Maha,AlQahtani,Dammam,Saudi Arabia
C8469,Omar,AlMalki,Jubail,Saudi Arabia
C6094,Omar,AlHarbi,Hail,Saudi Arabia
C2946,Fahad,AlSubaie,Tabuk,Saudi Arabia
C9052,Turki,AlQahtani,Jubail,Saudi Arabia
C7434,Sara,AlSubaie,Tabuk,Saudi Arabia
C7733,Turki,AlHarbi,Jubail,Saudi Arabia
C9482,Abdullah,AlGhamdi,Jubail,Saudi Arabia
C6234,Hussain,AlQahtani,Mecca,Saudi Arabia
C6622,Abdullah,AlOtaibi,Jeddah,Saudi Arabia
C9492,Aisha,AlGhamdi,Mecca,Saudi Arabia
C1194,Huda,AlAnazi,Jubail,Saudi Arabia
C4757,Aisha,AlShammari,Dammam,Saudi Arabia
C5973,Huda,AlQahtani,Tabuk,Saudi Arabia
C5457,Abdullah,AlHarbi,Hail,Saudi Arabia
C1112,Omar,AlZahrani,Jeddah,Saudi Arabia
C2391,Noura,AlMalki,Tabuk,Saudi Arabia
C6878,Ali,AlZahrani,Abha,Saudi Arabia
C2178,Noura,AlAnazi,Riyadh,Saudi Arabia
C3406,Omar,AlOtaibi,Riyadh,Saudi Arabia
C6077,Lama,AlMutairi,Jubail,Saudi Arabia
C7006,Turki,AlZahrani,Riyadh,Saudi Arabia
C2553,Sara,AlHarbi,Jubail,Saudi Arabia
C2562,Aisha,AlQahtani,Abha,Saudi Arabia
C5536,Huda,AlQahtani,Medina,Saudi Arabia
C2708,Omar,AlSubaie,Abha,Saudi Arabia
C5828,Maha,AlMutairi,Hail,Saudi Arabia
C7020,Maha,AlGhamdi,Abha,Saudi Arabia
C8392,Huda,AlHarbi,Riyadh,Saudi Arabia
C3179,Khalid,AlSubaie,Mecca,Saudi Arabia
C3534,Huda,AlSubaie,Tabuk,Saudi Arabia
C5532,Reem,AlAnazi,Jubail,Saudi Arabia
C5022,Aisha,AlShammari,Hail,Saudi Arabia
C7737,Khalid,AlHarbi,Hail,Saudi Arabia
C5578,Aisha,AlZahrani,Jubail,Saudi Arabia
C3089,Fahad,AlMutairi,Tabuk,Saudi Arabia
C3284,Aisha,AlMalki,Riyadh,Saudi Arabia
C1601,Omar,AlOtaibi,Tabuk,Saudi Arabia
C9888,Hussain,AlAnazi,Dammam,Saudi Arabia
C5502,Aisha,AlOtaibi,Mecca,Saudi Arabia
C8521,Abdullah,AlHarbi,Jeddah,Saudi Arabia
C6111,Huda,AlOtaibi,Jubail,Saudi Arabia
C1316,Hussain,AlHarbi,Riyadh,Saudi Arabia
C8513,Maha,AlOtaibi,Dammam,Saudi Arabia
C5843,Sara,AlGhamdi,Abha,Saudi Arabia
C2321,Hussain,AlSubaie,Jeddah,Saudi Arabia
C9637,Lama,AlGhamdi,Abha,Saudi Arabia
C3543,Khalid,AlHarbi,Tabuk,Saudi Arabia
C3541,Fahad,AlAnazi,Hail,Saudi Arabia
C9117,Turki,AlMalki,Tabuk,Saudi Arabia
C3570,Sara,AlQahtani,Riyadh,Saudi Arabia
C4276,Sara,AlGhamdi,Tabuk,Saudi Arabia
C8302,Lama,AlMutairi,Mecca,Saudi Arabia
C1710,Hussain,AlSubaie,Hail,Saudi Arabia
C8970,Turki,AlOtaibi,Jeddah,Saudi Arabia
C6080,Sara,AlMalki,Jeddah,Saudi Arabia
C9238,Lama,AlZahrani,Mecca,Saudi Arabia
C4519,Huda,AlMalki,Jeddah,Saudi Arabia
C8466,Turki,AlHarbi,Dammam,Saudi Arabia
C2800,Huda,AlSubaie,Tabuk,Saudi Arabia
C9114,Ali,AlHarbi,Riyadh,Saudi Arabia
C4149,Aisha,AlZahrani,Riyadh,Saudi Arabia
C6569,Sara,AlMutairi,Jeddah,Saudi Arabia
C7213,Lama,AlAnazi,Medina,Saudi Arabia
C8511,Turki,AlZahrani,Jeddah,Saudi Arabia
C9520,Khalid,AlZahrani,Medina,Saudi Arabia
C1352,Maha,AlShammari,Tabuk,Saudi Arabia
C9673,Turki,AlMutairi,Dammam,Saudi Arabia
C1206,Hussain,AlGhamdi,Tabuk,Saudi Arabia
C8053,Aisha,AlZahrani,Riyadh,Saudi Arabia
C5293,Aisha,AlGhamdi,Abha,Saudi Arabia
C7604,Ali,AlAnazi,Abha,Saudi Arabia
C5361,Maha,AlZahrani,Jeddah,Saudi Arabia
C7064,Huda,AlHarbi,Riyadh,Saudi Arabia
C5187,Sara,AlOtaibi,Abha,Saudi Arabia
C2959,Huda,AlMutairi,Jeddah,Saudi Arabia
C4649,Lama,AlMalki,Mecca,Saudi Arabia
C3908,Fahad,AlQahtani,Riyadh,Saudi Arabia
C9717,Hussain,AlShammari,Medina,Saudi Arabia
C4426,Khalid,AlAnazi,Abha,Saudi Arabia
C6277,Hussain,AlAnazi,Jubail,Saudi Arabia
C6089,Hussain,AlMutairi,Mecca,Saudi Arabia
C7074,Khalid,AlZahrani,Jeddah,Saudi Arabia
C9387,Khalid,AlSubaie,Tabuk,Saudi Arabia
C4784,Lama,AlAnazi,Jeddah,Saudi Arabia
C6737,Maha,AlGhamdi,Riyadh,Saudi Arabia
C6435,Omar,AlQahtani,Mecca,Saudi Arabia
C6649,Ali,AlQahtani,Abha,Saudi Arabia
C7740,Lama,AlMutairi,Riyadh,Saudi Arabia
C4897,Noura,AlMalki,Medina,Saudi Arabia
C1705,Aisha,AlMutairi,Hail,Saudi Arabia
C2238,Sara,AlHarbi,Hail,Saudi Arabia
C6485,Hussain,AlSubaie,Tabuk,Saudi Arabia
C5557,Omar,AlHarbi,Tabuk,Saudi Arabia
C9572,Lama,AlQahtani,Dammam,Saudi Arabia
C6989,Huda,AlHarbi,Abha,Saudi Arabia
C3760,Khalid,AlMutairi,Abha,Saudi Arabia
C3811,Turki,AlMutairi,Tabuk,Saudi Arabia
C3329,Turki,AlQahtani,Riyadh,Saudi Arabia
C1866,Abdullah,AlAnazi,Abha,Saudi Arabia
C4660,Lama,AlAnazi,Abha,Saudi Arabia
C9820,Reem,AlZahrani,Riyadh,Saudi Arabia
C1783,Lama,AlZahrani,Jubail,Saudi Arabia
C6219,Fahad,AlSubaie,Riyadh,Saudi Arabia
C5964,Abdullah,AlOtaibi,Dammam,Saudi Arabia
C9028,Hussain,AlZahrani,Mecca,Saudi Arabia
C7411,Omar,AlQahtani,Jeddah,Saudi Arabia
C4664,Huda,AlMalki,Mecca,Saudi Arabia
C1402,Aisha,AlQahtani,Jubail,Saudi Arabia
C7821,Reem,AlShammari,Medina,Saudi Arabia
C2607,Omar,AlAnazi,Dammam,Saudi Arabia
C7536,Noura,AlZahrani,Jubail,Saudi Arabia
C4509,Hussain,AlQahtani,Dammam,Saudi Arabia
C2372,Huda,AlZahrani,Jeddah,Saudi Arabia
C8632,Huda,AlHarbi,Riyadh,Saudi Arabia
C6075,Hussain,AlZahrani,Abha,Saudi Arabia
C6696,Noura,AlMalki,Abha,Saudi Arabia
C7696,Huda,AlGhamdi,Jeddah,Saudi Arabia
C1660,Huda,AlAnazi,Mecca,Saudi Arabia
C8010,Fahad,AlShammari,Jeddah,Saudi Arabia
C5938,Noura,AlSubaie,Jeddah,Saudi Arabia
C6001,Noura,AlMutairi,Jeddah,Saudi Arabia
C3505,Khalid,AlAnazi,Jeddah,Saudi Arabia
C1334,Lama,AlMalki,Jubail,Saudi Arabia
C7863,Reem,AlHarbi,Tabuk,Saudi Arabia
C9360,Ali,AlQahtani,Medina,Saudi Arabia
C3859,Abdullah,AlQahtani,Abha,Saudi Arabia
C3617,Aisha,AlGhamdi,Medina,Saudi Arabia
C5002,Reem,AlQahtani,Abha,Saudi Arabia
C6190,Aisha,AlOtaibi,Medina,Saudi Arabia
C7374,Omar,AlZahrani,Tabuk,Saudi Arabia
C3138,Fahad,AlGhamdi,Hail,Saudi Arabia
C9283,Hussain,AlHarbi,Dammam,Saudi Arabia
C3016,Reem,AlSubaie,Riyadh,Saudi Arabia
C6055,Omar,AlQahtani,Medina,Saudi Arabia
C5123,Aisha,AlHarbi,Abha,Saudi Arabia
C2137,Lama,AlAnazi,Abha,Saudi Arabia
C4330,Abdullah,AlGhamdi,Tabuk,Saudi Arabia
C1765,Noura,AlShammari,Dammam,Saudi Arabia
C4508,Omar,AlShammari,Tabuk,Saudi Arabia
C1505,Ali,AlHarbi,Riyadh,Saudi Arabia
C1635,Reem,AlAnazi,Medina,Saudi Arabia
C8222,Aisha,AlSubaie,Riyadh,Saudi Arabia
C4236,Fahad,AlQahtani,Jeddah,Saudi Arabia
C6363,Lama,AlSubaie,Riyadh,Saudi Arabia
C5504,Sara,AlAnazi,Medina,Saudi Arabia
C4856,Ali,AlOtaibi,Jeddah,Saudi Arabia
C4820,Reem,AlZahrani,Hail,Saudi Arabia
C1818,Fahad,AlShammari,Medina,Saudi Arabia
C6148,Fahad,AlOtaibi,Medina,Saudi Arabia
C4428,Ali,AlAnazi,Abha,Saudi Arabia
C3696,Khalid,AlMutairi,Medina,Saudi Arabia
C8319,Hussain,AlSubaie,Abha,Saudi Arabia
C2550,Ali,AlGhamdi,Medina,Saudi Arabia
C6429,Khalid,AlMalki,Riyadh,Saudi Arabia
C1820,Aisha,AlSubaie,Abha,Saudi Arabia
C4129,Noura,AlZahrani,Hail,Saudi Arabia
C1262,Huda,AlZahrani,Medina,Saudi Arabia
C2067,Ali,AlAnazi,Medina,Saudi Arabia
C7205,Maha,AlMutairi,Tabuk,Saudi Arabia
C9414,Khalid,AlSubaie,Jubail,Saudi Arabia
C6575,Fahad,AlOtaibi,Hail,Saudi Arabia
C3852,Huda,AlAnazi,Jeddah,Saudi Arabia
C2666,Ali,AlAnazi,Dammam,Saudi Arabia
C7654,Aisha,AlOtaibi,Riyadh,Saudi Arabia
C8094,Ali,AlSubaie,Dammam,Saudi Arabia
C2840,Turki,AlGhamdi,Mecca,Saudi Arabia
C4234,Lama,AlOtaibi,Hail,Saudi Arabia
C6062,Omar,AlMalki,Dammam,Saudi Arabia
C8142,Turki,AlHarbi,Abha,Saudi Arabia
C7775,Lama,AlZahrani,Tabuk,Saudi Arabia
C4831,Aisha,AlZahrani,Medina,Saudi Arabia
C2628,Turki,AlQahtani,Jubail,Saudi Arabia
C4918,Reem,AlMalki,Riyadh,Saudi Arabia
C4112,Huda,AlMalki,Hail,Saudi Arabia
C3983,Khalid,AlAnazi,Abha,Saudi Arabia
C7030,Hussain,AlQahtani,Dammam,Saudi Arabia
C8200,Ali,AlOtaibi,Mecca,Saudi Arabia
C3135,Reem,AlAnazi,Hail,Saudi Arabia
C3755,Reem,AlAnazi,Jeddah,Saudi Arabia
C4365,Ali,AlSubaie,Medina,Saudi Arabia
C3980,Turki,AlShammari,Abha,Saudi Arabia
C3576,Omar,AlQahtani,Tabuk,Saudi Arabia
C3362,Khalid,AlAnazi,Hail,Saudi Arabia
C5185,Reem,AlShammari,Hail,Saudi Arabia
C6828,Reem,AlOtaibi,Jeddah,Saudi Arabia
C9467,Fahad,AlShammari,Mecca,Saudi Arabia
C9532,Sara,AlMutairi,Riyadh,Saudi Arabia
C4399,Omar,AlMalki,Abha,Saudi Arabia
C3406,Fahad,AlAnazi,Tabuk,Saudi Arabia
C4277,Omar,AlZahrani,Riyadh,Saudi Arabia
C5221,Abdullah,AlSubaie,Medina,Saudi Arabia
C2295,Abdullah,AlMutairi,Jubail,Saudi Arabia
C3429,Omar,AlOtaibi,Jubail,Saudi Arabia
C9826,Sara,AlHarbi,Medina,Saudi Arabia
C9897,Khalid,AlQahtani,Abha,Saudi Arabia
C1671,Noura,AlOtaibi,Mecca,Saudi Arabia
C3599,Reem,AlZahrani,Abha,Saudi Arabia
C3530,Reem,AlHarbi,Hail,Saudi Arabia
C7750,Sara,AlZahrani,Abha,Saudi Arabia
C3212,Abdullah,AlOtaibi,Medina,Saudi Arabia
C3023,Maha,AlOtaibi,Jubail,Saudi Arabia
C9092,Reem,AlMutairi,Jubail,Saudi Arabia
C4047,Omar,AlOtaibi,Hail,Saudi Arabia
C4426,Fahad,AlSubaie,Hail,Saudi Arabia
C2892,Fahad,AlShammari,Dammam,Saudi Arabia
C5036,Sara,AlOtaibi,Hail,Saudi Arabia
C4136,Lama,AlZahrani,Jubail,Saudi Arabia
C3435,Khalid,AlSubaie,Abha,Saudi Arabia
C1487,Turki,AlMutairi,Jeddah,Saudi Arabia
C1964,Fahad,AlShammari,Mecca,Saudi Arabia
C5718,Ali,AlHarbi,Medina,Saudi Arabia
C4308,Maha,AlZahrani,Dammam,Saudi Arabia
C1388,Hussain,AlHarbi,Jeddah,Saudi Arabia
C8490,Aisha,AlShammari,Jubail,Saudi Arabia
C9146,Abdullah,AlMalki,Riyadh,Saudi Arabia
C9488,Abdullah,AlOtaibi,Jubail,Saudi Arabia
C4765,Omar,AlZahrani,Tabuk,Saudi Arabia
C5152,Noura,AlQahtani,Medina,Saudi Arabia
C7285,Fahad,AlMalki,Tabuk,Saudi Arabia
C4264,Aisha,AlMutairi,Mecca,Saudi Arabia
C4711,Omar,AlZahrani,Tabuk,Saudi Arabia
C8379,Lama,AlGhamdi,Mecca,Saudi Arabia
C1078,Abdullah,AlAnazi,Medina,Saudi Arabia
C4044,Lama,AlZahrani,Riyadh,Saudi Arabia
C2736,Maha,AlOtaibi,Jeddah,Saudi Arabia
C9045,Khalid,AlMutairi,Riyadh,Saudi Arabia
C3130,Hussain,AlMutairi,Medina,Saudi Arabia
C5169,Aisha,AlOtaibi,Dammam,Saudi Arabia
C1458,Reem,AlGhamdi,Medina,Saudi Arabia
C1881,Reem,AlHarbi,Dammam,Saudi Arabia
C8355,Abdullah,AlAnazi,Mecca,Saudi Arabia
C5859,Huda,AlQahtani,Dammam,Saudi Arabia
C3804,Huda,AlHarbi,Mecca,Saudi Arabia
C2242,Khalid,AlQahtani,Abha,Saudi Arabia
C5529,Sara,AlSubaie,Tabuk,Saudi Arabia
C7758,Fahad,AlShammari,Medina,Saudi Arabia
C6301,Noura,AlZahrani,Jubail,Saudi Arabia
C8844,Sara,AlAnazi,Hail,Saudi Arabia
C2934,Sara,AlHarbi,Jeddah,Saudi Arabia
C6034,Noura,AlGhamdi,Abha,Saudi Arabia
C7506,Aisha,AlHarbi,Hail,Saudi Arabia
C3197,Reem,AlShammari,Tabuk,Saudi Arabia
C4735,Aisha,AlAnazi,Hail,Saudi Arabia
C5197,Lama,AlSubaie,Mecca,Saudi Arabia
C6740,Ali,AlHarbi,Jeddah,Saudi Arabia
C6583,Hussain,AlOtaibi,Abha,Saudi Arabia
C9088,Fahad,AlAnazi,Abha,Saudi Arabia
C8744,Sara,AlShammari,Riyadh,Saudi Arabia
C2168,Maha,AlShammari,Dammam,Saudi Arabia
C2270,Ali,AlOtaibi,Mecca,Saudi Arabia
C3536,Ali,AlOtaibi,Hail,Saudi Arabia
C1249,Maha,AlShammari,Jubail,Saudi Arabia
C8212,Abdullah,AlGhamdi,Hail,Saudi Arabia
C3488,Noura,AlOtaibi,Mecca,Saudi Arabia
C8269,Lama,AlZahrani,Jubail,Saudi Arabia
C7873,Fahad,AlShammari,Medina,Saudi Arabia
C1494,Abdullah,AlMutairi,Mecca,Saudi Arabia
C7010,Abdullah,AlGhamdi,Abha,Saudi Arabia
C1762,Hussain,AlZahrani,Abha,Saudi Arabia
C9439,Huda,AlOtaibi,Abha,Saudi Arabia
C1071,Huda,AlGhamdi,Medina,Saudi Arabia
C8823,Reem,AlShammari,Mecca,Saudi Arabia
C3591,Khalid,AlAnazi,Mecca,Saudi Arabia
C9892,Khalid,AlMutairi,Hail,Saudi Arabia
C8313,Maha,AlMutairi,Mecca,Saudi Arabia
C6051,Abdullah,AlMutairi,Jubail,Saudi Arabia
C1969,Huda,AlZahrani,Abha,Saudi Arabia
C9167,Abdullah,AlQahtani,Hail,Saudi Arabia
C5903,Lama,AlQahtani,Tabuk,Saudi Arabia
C8027,Lama,AlMalki,Mecca,Saudi Arabia
C4263,Fahad,AlGhamdi,Tabuk,Saudi Arabia
C6338,Noura,AlSubaie,Hail,Saudi Arabia
C2474,Aisha,AlQahtani,Jubail,Saudi Arabia
C5017,Turki,AlHarbi,Dammam,Saudi Arabia
C5343,Lama,AlOtaibi,Jubail,Saudi Arabia
C9333,Omar,AlGhamdi,Mecca,Saudi Arabia
C5390,Noura,AlSubaie,Jeddah,Saudi Arabia
C9521,Lama,AlOtaibi,Riyadh,Saudi Arabia
C3351,Maha,AlZahrani,Hail,Saudi Arabia
C4740,Turki,AlMalki,Jeddah,Saudi Arabia
C5071,Khalid,AlGhamdi,Dammam,Saudi Arabia
C3984,Omar,AlShammari,Abha,Saudi Arabia
C3392,Noura,AlZahrani,Mecca,Saudi Arabia
C6727,Ali,AlMalki,Tabuk,Saudi Arabia
C6451,Ali,AlSubaie,Jubail,Saudi Arabia
C5233,Lama,AlAnazi,Jeddah,Saudi Arabia
C4939,Huda,AlShammari,Riyadh,Saudi Arabia
C3643,Abdullah,AlMutairi,Hail,Saudi Arabia
C6066,Khalid,AlMalki,Tabuk,Saudi Arabia
C8341,Omar,AlOtaibi,Tabuk,Saudi Arabia
C4863,Maha,AlMutairi,Jeddah,Saudi Arabia
C4677,Lama,AlGhamdi,Mecca,Saudi Arabia
C6795,Noura,AlZahrani,Medina,Saudi Arabia
C5115,Maha,AlSubaie,Riyadh,Saudi Arabia
C4788,Lama,AlMutairi,Tabuk,Saudi Arabia
C3076,Khalid,AlMalki,Hail,Saudi Arabia
C4811,Sara,AlZahrani,Dammam,Saudi Arabia
C3428,Huda,AlOtaibi,Jeddah,Saudi Arabia
C3081,Turki,AlQahtani,Jeddah,Saudi Arabia
C3381,Abdullah,AlAnazi,Medina,Saudi Arabia
C1955,Fahad,AlZahrani,Medina,Saudi Arabia
C9154,Fahad,AlZahrani,Jeddah,Saudi Arabia
C6472,Reem,AlQahtani,Jeddah,Saudi Arabia
C8352,Huda,AlAnazi,Jubail,Saudi Arabia
C1893,Omar,AlAnazi,Jeddan,Saudi Arabia
C5452,Hussain,AlShammari,Mecca,Saudi Arabia
C6849,Lama,AlAnazi,Medina,Saudi Arabia
C5790,Hussain,AlSubaie,Jubail,Saudi Arabia
C2245,Reem,AlMalki,Mecca,Saudi Arabia
C9697,Ali,AlMutairi,Medina,Saudi Arabia
C5584,Maha,AlShammari,Dammam,Saudi Arabia
C7738,Aisha,AlHarbi,Tabuk,Saudi Arabia
C6057,Sara,AlGhamdi,Tabuk,Saudi Arabia
C4197,Turki,AlAnazi,Medina,Saudi Arabia
C5720,Hussain,AlZahrani,Jeddah,Saudi Arabia
C5999,Sara,AlMalki,Jeddah,Saudi Arabia
C7928,Reem,AlShammari,Mecca,Saudi Arabia
C2319,Huda,AlOtaibi,Riyadh,Saudi Arabia
C1581,Sara,AlGhamdi,Mecca,Saudi Arabia
C3115,Hussain,AlGhamdi,Abha,Saudi Arabia
C7538,Hussain,AlShammari,Riyadh,Saudi Arabia
C8648,Sara,AlMalki,Medina,Saudi Arabia
C6598,Omar,AlSubaie,Mecca,Saudi Arabia
C8384,Noura,AlShammari,Jeddah,Saudi Arabia
C6972,Aisha,AlGhamdi,Riyadh,Saudi Arabia
C2822,Sara,AlMalki,Riyadh,Saudi Arabia
C4586,Khalid,AlQahtani,Jubail,Saudi Arabia
C2658,Omar,AlMutairi,Hail,Saudi Arabia
C3913,Ali,AlMalki,Dammam,Saudi Arabia
C9187,Fahad,AlSubaie,Tabuk,Saudi Arabia
C6579,Aisha,AlOtaibi,Abha,Saudi Arabia
C5271,Turki,AlHarbi,Dammam,Saudi Arabia
C4323,Ali,AlZahrani,Dammam,Saudi Arabia
C5765,Reem,AlShammari,Hail,Saudi Arabia
C4488,Maha,AlGhamdi,Medina,Saudi Arabia
C4772,Ali,AlAnazi,Jubail,Saudi Arabia
C9176,Ali,AlAnazi,Mecca,Saudi Arabia
C8324,Reem,AlZahrani,Abha,Saudi Arabia
C1059,Abdullah,AlQahtani,Mecca,Saudi Arabia
C9424,Fahad,AlGhamdi,Hail,Saudi Arabia
C6485,Ali,AlSubaie,Dammam,Saudi Arabia
C2058,Turki,AlShammari,Medina,Saudi Arabia
C7587,Abdullah,AlZahrani,Abha,Saudi Arabia
C7373,Turki,AlMalki,Abha,Saudi Arabia
C8588,Khalid,AlShammari,Medina,Saudi Arabia
C5568,Noura,AlGhamdi,Dammam,Saudi Arabia
C5908,Khalid,AlSubaie,Dammam,Saudi Arabia
C6165,Khalid,AlGhamdi,Hail,Saudi Arabia
C8908,Ali,AlGhamdi,Jubail,Saudi Arabia
C3224,Ali,AlOtaibi,Riyadh,Saudi Arabia
C3101,Khalid,AlSubaie,Hail,Saudi Arabia
C9164,Aisha,AlQahtani,Hail,Saudi Arabia
C9380,Omar,AlHarbi,Tabuk,Saudi Arabia
C6239,Hussain,AlZahrani,Hail,Saudi Arabia
C4322,Hussain,AlMalki,Jubail,Saudi Arabia
C4665,Khalid,AlGhamdi,Riyadh,Saudi Arabia
C7663,Sara,AlGhamdi,Jubail,Saudi Arabia
C4642,Noura,AlOtaibi,Jeddah,Saudi Arabia
C8283,Turki,AlHarbi,Jubail,Saudi Arabia
C2599,Lama,AlZahrani,Jubail,Saudi Arabia
C4452,Huda,AlMutairi,Hail,Saudi Arabia
C8115,Huda,AlMutairi,Riyadh,Saudi Arabia
C2606,Reem,AlHarbi,Dammam,Saudi Arabia
C1856,Hussain,AlMutairi,Medina,Saudi Arabia
C2233,Ali,AlGhamdi,Tabuk,Saudi Arabia
C9329,Huda,AlMalki,Jeddah,Saudi Arabia
C6901,Omar,AlMutairi,Abha,Saudi Arabia
C9062,Hussain,AlHarbi,Medina,Saudi Arabia
C7957,Turki,AlOtaibi,Medina,Saudi Arabia
C7507,Sara,AlGhamdi,Riyadh,Saudi Arabia
C6707,Huda,AlZahrani,Jubail,Saudi Arabia
C4350,Ali,AlMutairi,Riyadh,Saudi Arabia
C3882,Omar,AlMutairi,Tabuk,Saudi Arabia
C2153,Maha,AlShammari,Hail,Saudi Arabia
C8974,Fahad,AlSubaie,Medina,Saudi Arabia
C1663,Abdullah,AlQahtani,Dammam,Saudi Arabia
C7350,Omar,AlAnazi,Jubail,Saudi Arabia
C5992,Abdullah,AlAnazi,Dammam,Saudi Arabia
C7954,Omar,AlAnazi,Medina,Saudi Arabia
C3015,Hussain,AlQahtani,Abha,Saudi Arabia
C5615,Ali,AlZahrani,Medina,Saudi Arabia
C9241,Reem,AlZahrani,Hail,Saudi Arabia
C2553,Turki,AlMutairi,Abha,Saudi Arabia
C4915,Fahad,AlZahrani,Abha,Saudi Arabia
C1060,Aisha,AlZahrani,Jubail,Saudi Arabia
C9805,Abdullah,AlGhamdi,Hail,Saudi Arabia
C8813,Khalid,AlSubaie,Riyadh,Saudi Arabia
C2617,Khalid,AlShammari,Jubail,Saudi Arabia
C8465,Hussain,AlSubaie,Jeddah,Saudi Arabia
C8258,Aisha,AlAnazi,Dammam,Saudi Arabia
C4914,Turki,AlZahrani,Abha,Saudi Arabia
C3184,Aisha,AlSubaie,Abha,Saudi Arabia
C9962,Maha,AlZahrani,Abha,Saudi Arabia
C4101,Lama,AlHarbi,Riyadh,Saudi Arabia
C5846,Hussain,AlGhamdi,Riyadh,Saudi Arabia
C3524,Fahad,AlMutairi,Abha,Saudi Arabia
C3410,Sara,AlZahrani,Tabuk,Saudi Arabia
C5084,Hussain,AlShammari,Hail,Saudi Arabia
C7042,Huda,AlSubaie,Tabuk,Saudi Arabia
C5416,Ali,AlOtaibi,Riyadh,Saudi Arabia
C9626,Turki,AlZahrani,Abha,Saudi Arabia
C4911,Noura,AlQahtani,Dammam,Saudi Arabia
C4805,Reem,AlGhamdi,Jubail,Saudi Arabia
C6997,Reem,AlOtaibi,Tabuk,Saudi Arabia
C9667,Hussain,AlGhamdi,Tabuk,Saudi Arabia
C3104,Noura,AlSubaie,Mecca,Saudi Arabia
C5801,Lama,AlAnazi,Jeddah,Saudi Arabia
C2207,Noura,AlQahtani,Jubail,Saudi Arabia
C2300,Fahad,AlMalki,Jubail,Saudi Arabia
C1681,Ali,AlMutairi,Jeddah,Saudi Arabia
C9609,Turki,AlHarbi,Dammam,Saudi Arabia
C5446,Aisha,AlAnazi,Mecca,Saudi Arabia
C4795,Turki,AlHarbi,Jeddah,Saudi Arabia
C9338,Hussain,AlZahrani,Hail,Saudi Arabia
C7910,Hussain,AlMalki,Riyadh,Saudi Arabia
C1322,Reem,AlOtaibi,Medina,Saudi Arabia
C4549,Fahad,AlShammari,Hail,Saudi Arabia
C4510,Aisha,AlMutairi,Tabuk,Saudi Arabia
C8826,Huda,AlOtaibi,Riyadh,Saudi Arabia
C3019,Huda,AlHarbi,Jeddah,Saudi Arabia
C5870,Reem,AlMutairi,Hail,Saudi Arabia
C6846,Aisha,AlMalki,Tabuk,Saudi Arabia
C6394,Maha,AlShammari,Dammam,Saudi Arabia
C6965,Lama,AlHarbi,Jubail,Saudi Arabia
C9747,Fahad,AlQahtani,Abha,Saudi Arabia
C3789,Omar,AlAnazi,Tabuk,Saudi Arabia
C4789,Aisha,AlShammari,Medina,Saudi Arabia
C9339,Ali,AlMalki,Jubail,Saudi Arabia
C3940,Hussain,AlHarbi,Tabuk,Saudi Arabia
C9696,Aisha,AlQahtani,Jeddah,Saudi Arabia
C8245,Hussain,AlOtaibi,Dammam,Saudi Arabia
C1898,Turki,AlMalki,Abha,Saudi Arabia
C3222,Aisha,AlOtaibi,Dammam,Saudi Arabia
C3007,Hussain,AlMalki,Tabuk,Saudi Arabia
C9850,Turki,AlShammari,Jubail,Saudi Arabia
C2393,Khalid,AlGhamdi,Jeddah,Saudi Arabia
C6008,Maha,AlSubaie,Dammam,Saudi Arabia
C6464,Maha,AlMalki,Hail,Saudi Arabia
C1250,Turki,AlHarbi,Abha,Saudi Arabia
C6044,Omar,AlShammari,Jeddah,Saudi Arabia
C6677,Abdullah,AlSubaie,Medina,Saudi Arabia
C6844,Abdullah,AlZahrani,Riyadh,Saudi Arabia
C4901,Abdullah,AlOtaibi,Tabuk,Saudi Arabia
C1927,Aisha,AlOtaibi,Dammam,Saudi Arabia
C3601,Maha,AlMutairi,Jubail,Saudi Arabia
C9454,Omar,AlMalki,Abha,Saudi Arabia
C6029,Noura,AlQahtani,Tabuk,Saudi Arabia
C6109,Lama,AlOtaibi,Jubail,Saudi Arabia
C7057,Fahad,AlMutairi,Abha,Saudi Arabia
C4409,Hussain,AlHarbi,Jeddah,Saudi Arabia
C6173,Khalid,AlOtaibi,Mecca,Saudi Arabia
C6722,Sara,AlMalki,Jubail,Saudi Arabia
C4306,Aisha,AlShammari,Mecca,Saudi Arabia
C3511,Huda,AlShammari,Jubail,Saudi Arabia
C9254,Ali,AlOtaibi,Mecca,Saudi Arabia
C5953,Aisha,AlHarbi,Jubail,Saudi Arabia
C7941,Aisha,AlQahtani,Mecca,Saudi Arabia
C5249,Hussain,AlShammari,Abha,Saudi Arabia
C5376,Maha,AlAnazi,Jeddah,Saudi Arabia
C9205,Turki,AlMalki,Jubail,Saudi Arabia
C5672,Reem,AlQahtani,Riyadh,Saudi Arabia
C2137,Abdullah,AlMalki,Hail,Saudi Arabia
C2555,Omar,AlMutairi,Abha,Saudi Arabia
C5510,Noura,AlMutairi,Tabuk,Saudi Arabia
C5187,Ali,AlOtaibi,Abha,Saudi Arabia
C9916,Aisha,AlMalki,Mecca,Saudi Arabia
C7791,Huda,AlSubaie,Tabuk,Saudi Arabia
C1421,Huda,AlHarbi,Medina,Saudi Arabia
C9613,Fahad,AlQahtani,Medina,Saudi Arabia
C9847,Khalid,AlZahrani,Dammam,Saudi Arabia
C3113,Ali,AlSubaie,Jeddah,Saudi Arabia
C2440,Khalid,AlAnazi,Tabuk,Saudi Arabia
C3077,Noura,AlAnazi,Mecca,Saudi Arabia
C3958,Noura,AlMutairi,Jubail,Saudi Arabia
C1064,Lama,AlGhamdi,Tabuk,Saudi Arabia
C9322,Fahad,AlShammari,Jubail,Saudi Arabia
C4052,Fahad,AlHarbi,Tabuk,Saudi Arabia
C9956,Khalid,AlShammari,Abha,Saudi Arabia
C5471,Fahad,AlQahtani,Dammam,Saudi Arabia
C1820,Noura,AlMutairi,Hail,Saudi Arabia
C4798,Hussain,AlQahtani,Dammam,Saudi Arabia
C2861,Ali,AlMutairi,Abha,Saudi Arabia
C8691,Abdullah,AlShammari,Medina,Saudi Arabia
C3467,Aisha,AlMalki,Jubail,Saudi Arabia
C5025,Hussain,AlSubaie,Jeddah,Saudi Arabia
C4955,Ali,AlShammari,Abha,Saudi Arabia
C3397,Khalid,AlOtaibi,Jubail,Saudi Arabia
C6242,Hussain,AlQahtani,Medina,Saudi Arabia
C8415,Huda,AlOtaibi,Jubail,Saudi Arabia
C3000,Aisha,AlGhamdi,Hail,Saudi Arabia
C9589,Ali,AlOtaibi,Mecca,Saudi Arabia
C9857,Omar,AlAnazi,Jubail,Saudi Arabia
C1732,Turki,AlSubaie,Riyadh,Saudi Arabia
C4736,Khalid,AlHarbi,Mecca,Saudi Arabia
C9709,Reem,AlZahrani,Jubail,Saudi Arabia
C2629,Sara,AlMalki,Dammam,Saudi Arabia
C1097,Hussain,AlZahrani,Jubail,Saudi Arabia
C2984,Reem,AlZahrani,Hail,Saudi Arabia
C2052,Khalid,AlOtaibi,Mecca,Saudi Arabia
C7247,Fahad,AlZahrani,Riyadh,Saudi Arabia
C2547,Hussain,AlSubaie,Tabuk,Saudi Arabia
C4336,Maha,AlOtaibi,Mecca,Saudi Arabia
C2155,Turki,AlMalki,Dammam,Saudi Arabia
C6966,Noura,AlMutairi,Medina,Saudi Arabia
C5004,Maha,AlOtaibi,Jubail,Saudi Arabia
C2603,Khalid,AlAnazi,Jubail,Saudi Arabia
C3366,Reem,AlShammari,Hail,Saudi Arabia
C6159,Hussain,AlAnazi,Riyadh,Saudi Arabia
C3706,Khalid,AlZahrani,Jeddah,Saudi Arabia
C1871,Abdullah,AlQahtani,Jeddah,Saudi Arabia
C3898,Fahad,AlMutairi,Abha,Saudi Arabia
C3945,Huda,AlAnazi,Hail,Saudi Arabia
C6337,Huda,AlGhamdi,Riyadh,Saudi Arabia
C6398,Aisha,AlMutairi,Riyadh,Saudi Arabia
C5643,Lama,AlMutairi,Jeddah,Saudi Arabia
C7442,Turki,AlQahtani,Medina,Saudi Arabia
C7674,Turki,AlHarbi,Dammam,Saudi Arabia
C1099,Hussain,AlQahtani,Jeddah,Saudi Arabia
C2914,Turki,AlAnazi,Jubail,Saudi Arabia
C7653,Turki,AlAnazi,Riyadh,Saudi Arabia
C6131,Fahad,AlMutairi,Dammam,Saudi Arabia
C3804,Aisha,AlZahrani,Dammam,Saudi Arabia
C6794,Sara,AlShammari,Jeddah,Saudi Arabia
C5126,Aisha,AlZahrani,Dammam,Saudi Arabia
C1245,Reem,AlMalki,Jeddah,Saudi Arabia
C7619,Fahad,AlMalki,Jeddah,Saudi Arabia
C5598,Ali,AlOtaibi,Medina,Saudi Arabia
C8861,Huda,AlGhamdi,Jubail,Saudi Arabia
C4857,Noura,AlHarbi,Abha,Saudi Arabia
C1857,Lama,AlAnazi,Medina,Saudi Arabia
C3027,Noura,AlMutairi,Jubail,Saudi Arabia
C9280,Huda,AlAnazi,Riyadh,Saudi Arabia
C9737,Noura,AlOtaibi,Mecca,Saudi Arabia
C9349,Huda,AlMalki,Hail,Saudi Arabia
C4910,Maha,AlQahtani,Hail,Saudi Arabia
C7760,Huda,AlZahrani,Dammam,Saudi Arabia
C1062,Noura,AlZahrani,Medina,Saudi Arabia
C6629,Turki,AlMutairi,Medina,Saudi Arabia
C3873,Abdullah,AlQahtani,Jeddah,Saudi Arabia
C6612,Abdullah,AlGhamdi,Tabuk,Saudi Arabia
C5377,Maha,AlHarbi,Riyadh,Saudi Arabia
C9885,Abdullah,AlSubaie,Tabuk,Saudi Arabia
C6232,Noura,AlSubaie,Tabuk,Saudi Arabia
C3723,Sara,AlGhamdi,Hail,Saudi Arabia
C8949,Ali,AlSubaie,Hail,Saudi Arabia
C8056,Huda,AlZahrani,Hail,Saudi Arabia
C6754,Noura,AlZahrani,Jeddah,Saudi Arabia
C2540,Lama,AlGhamdi,Jeddan,Saudi Arabia
C9437,Aisha,AlQahtani,Mecca,Saudi Arabia
C2739,Ali,AlQahtani,Tabuk,Saudi Arabia
C6193,Abdullah,AlSubaie,Mecca,Saudi Arabia
C7574,Lama,AlHarbi,Dammam,Saudi Arabia
C9567,Huda,AlGhamdi,Tabuk,Saudi Arabia
C7137,Turki,AlZahrani,Dammam,Saudi Arabia
C1597,Sara,AlGhamdi,Mecca,Saudi Arabia
C5788,Omar,AlAnazi,Jeddah,Saudi Arabia
C6095,Ali,AlMutairi,Riyadh,Saudi Arabia
C8445,Omar,AlSubaie,Abha,Saudi Arabia
C2463,Fahad,AlHarbi,Jeddah,Saudi Arabia
C5628,Sara,AlShammari,Abha,Saudi Arabia
C7322,Turki,AlShammari,Abha,Saudi Arabia
C9832,Turki,AlHarbi,Abha,Saudi Arabia
C7994,Aisha,AlShammari,Abha,Saudi Arabia
C2639,Fahad,AlMalki,Riyadh,Saudi Arabia
C8642,Turki,AlQahtani,Medina,Saudi Arabia
C5278,Omar,AlZahrani,Mecca,Saudi Arabia
C2323,Maha,AlGhamdi,Mecca,Saudi Arabia
C1035,Sara,AlShammari,Tabuk,Saudi Arabia
C5093,Sara,AlShammari,Abha,Saudi Arabia
C1233,Reem,AlOtaibi,Tabuk,Saudi Arabia
C3898,Ali,AlAnazi,Mecca,Saudi Arabia
C9959,Sara,AlOtaibi,Medina,Saudi Arabia
C5990,Hussain,AlShammari,Abha,Saudi Arabia
C3139,Sara,AlGhamdi,Hail,Saudi Arabia
C3827,Sara,AlMutairi,Jubail,Saudi Arabia
C7684,Ali,AlHarbi,Dammam,Saudi Arabia
C1817,Reem,AlMutairi,Riyadh,Saudi Arabia
C1200,Turki,AlMutairi,Medina,Saudi Arabia
C6559,Fahad,AlShammari,Hail,Saudi Arabia
C9252,Noura,AlAnazi,Mecca,Saudi Arabia
C6375,Hussain,AlGhamdi,Hail,Saudi Arabia
C3270,Hussain,AlQahtani,Jubail,Saudi Arabia
C9373,Lama,AlHarbi,Hail,Saudi Arabia
C5601,Fahad,AlOtaibi,Tabuk,Saudi Arabia
C1433,Maha,AlAnazi,Medina,Saudi Arabia
C9917,Reem,AlAnazi,Medina,Saudi Arabia
C6385,Huda,AlHarbi,Jeddah,Saudi Arabia
C5853,Ali,AlShammari,Riyadh,Saudi Arabia
C6450,Lama,AlMalki,Medina,Saudi Arabia
C1644,Turki,AlShammari,Mecca,Saudi Arabia
C8291,Abdullah,AlShammari,Jubail,Saudi Arabia
C4488,Fahad,AlAnazi,Jubail,Saudi Arabia
C8385,Ali,AlGhamdi,Tabuk,Saudi Arabia
C4539,Huda,AlOtaibi,Jubail,Saudi Arabia
C9970,Khalid,AlSubaie,Medina,Saudi Arabia
C4969,Huda,AlSubaie,Dammam,Saudi Arabia
C9659,Lama,AlShammari,Mecca,Saudi Arabia
C3794,Noura,AlMutairi,Tabuk,Saudi Arabia
C9278,Reem,AlAnazi,Dammam,Saudi Arabia
C6661,Fahad,AlHarbi,Jubail,Saudi Arabia
C8684,Omar,AlQahtani,Tabuk,Saudi Arabia
C5361,Ali,AlOtaibi,Jubail,Saudi Arabia
C6564,Hussain,AlQahtani,Abha,Saudi Arabia
C9082,Lama,AlMalki,Medina,Saudi Arabia
C6955,Fahad,AlGhamdi,Jeddah,Saudi Arabia
C2730,Omar,AlHarbi,Tabuk,Saudi Arabia
C9415,Huda,AlGhamdi,Jeddah,Saudi Arabia
C7617,Reem,AlMutairi,Medina,Saudi Arabia
C7800,Fahad,AlMutairi,Abha,Saudi Arabia
C7843,Sara,AlOtaibi,Medina,Saudi Arabia
C2231,Ali,AlMutairi,Jubail,Saudi Arabia
C3968,Khalid,AlMalki,Dammam,Saudi Arabia
C2299,Aisha,AlHarbi,Tabuk,Saudi Arabia
C8986,Fahad,AlShammari,Dammam,Saudi Arabia
C7361,Fahad,AlZahrani,Tabuk,Saudi Arabia
C4595,Omar,AlMalki,Medina,Saudi Arabia
C3218,Hussain,AlHarbi,Riyadh,Saudi Arabia
C5559,Hussain,AlOtaibi,Jubail,Saudi Arabia
C8631,Reem,AlGhamdi,Dammam,Saudi Arabia
C4637,Turki,AlAnazi,Tabuk,Saudi Arabia
C3200,Hussain,AlAnazi,Tabuk,Saudi Arabia
C2388,Noura,AlGhamdi,Abha,Saudi Arabia
C5847,Abdullah,AlOtaibi,Hail,Saudi Arabia
C8380,Hussain,AlShammari,Jeddah,Saudi Arabia
C6748,Lama,AlZahrani,Dammam,Saudi Arabia
C4321,Omar,AlAnazi,Dammam,Saudi Arabia
C1885,Omar,AlZahrani,Medina,Saudi Arabia
C8135,Noura,AlMalki,Hail,Saudi Arabia
C7544,Omar,AlMutairi,Abha,Saudi Arabia
C6925,Turki,AlMutairi,Riyadh,Saudi Arabia
C7637,Noura,AlMalki,Dammam,Saudi Arabia
C5612,Turki,AlZahrani,Abha,Saudi Arabia
C5422,Sara,AlOtaibi,Tabuk,Saudi Arabia
C4072,Fahad,AlGhamdi,Jubail,Saudi Arabia
C9514,Lama,AlShammari,Medina,Saudi Arabia
C9235,Abdullah,AlGhamdi,Mecca,Saudi Arabia
C5308,Ali,AlOtaibi,Jeddah,Saudi Arabia
C7165,Lama,AlZahrani,Tabuk,Saudi Arabia
C8118,Khalid,AlHarbi,Riyadh,Saudi Arabia
C8357,Lama,AlAnazi,Abha,Saudi Arabia
C9305,Huda,AlZahrani,Tabuk,Saudi Arabia
C3139,Fahad,AlQahtani,Tabuk,Saudi Arabia
C7574,Maha,AlOtaibi,Riyadh,Saudi Arabia
C1538,Omar,AlShammari,Dammam,Saudi Arabia
C1269,Maha,AlOtaibi,Dammam,Saudi Arabia
C5784,Khalid,AlMutairi,Jeddah,Saudi Arabia
C5996,Lama,AlHarbi,Mecca,Saudi Arabia
C7124,Huda,AlMutairi,Jeddah,Saudi Arabia
C6282,Omar,AlShammari,Tabuk,Saudi Arabia
C3435,Aisha,AlGhamdi,Riyadh,Saudi Arabia
C4723,Huda,AlMalki,Dammam,Saudi Arabia
C3394,Aisha,AlHarbi,Hail,Saudi Arabia
C5249,Huda,AlMutairi,Medina,Saudi Arabia
C6759,Hussain,AlQahtani,Tabuk,Saudi Arabia
C8143,Ali,AlZahrani,Jeddah,Saudi Arabia
C3496,Fahad,AlOtaibi,Tabuk,Saudi Arabia
C4744,Turki,AlMutairi,Abha,Saudi Arabia
C1444,Abdullah,AlShammari,Mecca,Saudi Arabia
C2907,Lama,AlMutairi,Hail,Saudi Arabia
C7868,Khalid,AlAnazi,Tabuk,Saudi Arabia
C9723,Maha,AlShammari,Jeddah,Saudi Arabia
C8182,Hussain,AlShammari,Mecca,Saudi Arabia
C1800,Fahad,AlGhamdi,Tabuk,Saudi Arabia
C9278,Turki,AlMalki,Riyadh,Saudi Arabia
C2926,Noura,AlShammari,Tabuk,Saudi Arabia
C9032,Huda,AlSubaie,Dammam,Saudi Arabia
C1897,Noura,AlZahrani,Mecca,Saudi Arabia
C2273,Lama,AlSubaie,Dammam,Saudi Arabia
C5756,Sara,AlShammari,Jubail,Saudi Arabia
C4303,Omar,AlMutairi,Jubail,Saudi Arabia
C3144,Maha,AlZahrani,Hail,Saudi Arabia
C2438,Fahad,AlOtaibi,Dammam,Saudi Arabia
C7022,Abdullah,AlSubaie,Medina,Saudi Arabia
C1392,Turki,AlSubaie,Mecca,Saudi Arabia
C7895,Lama,AlSubaie,Dammam,Saudi Arabia
C1762,Omar,AlGhamdi,Dammam,Saudi Arabia
C1863,Hussain,AlOtaibi,Jubail,Saudi Arabia
C2231,Sara,AlMutairi,Riyadh,Saudi Arabia
C5037,Hussain,AlAnazi,Jeddah,Saudi Arabia
C4567,Sara,AlQahtani,Mecca,Saudi Arabia
C4387,Khalid,AlMalki,Dammam,Saudi Arabia
C2817,Ali,AlQahtani,Abha,Saudi Arabia
C8930,Lama,AlMutairi,Riyadh,Saudi Arabia
C1309,Hussain,AlZahrani,Riyadh,Saudi Arabia
C4063,Turki,AlMutairi,Hail,Saudi Arabia
C4889,Ali,AlZahrani,Dammam,Saudi Arabia
C2365,Noura,AlAnazi,Riyadh,Saudi Arabia
C2088,Omar,AlSubaie,Medina,Saudi Arabia
C5387,Omar,AlMutairi,Jubail,Saudi Arabia
C7983,Khalid,AlShammari,Riyadh,Saudi Arabia
C6322,Aisha,AlMalki,Dammam,Saudi Arabia
C9757,Sara,AlShammari,Mecca,Saudi Arabia
C5690,Fahad,AlZahrani,Jubail,Saudi Arabia
C5121,Omar,AlZahrani,Riyadh,Saudi Arabia
C9063,Reem,AlZahrani,Dammam,Saudi Arabia
C7661,Lama,AlHarbi,Hail,Saudi Arabia
C2868,Maha,AlHarbi,Jeddah,Saudi Arabia
C1087,Reem,AlHarbi,Tabuk,Saudi Arabia
C3430,Abdullah,AlSubaie,Abha,Saudi Arabia
C5625,Aisha,AlMutairi,Hail,Saudi Arabia
C3105,Noura,AlAnazi,Riyadh,Saudi Arabia
C9572,Noura,AlGhamdi,Jubail,Saudi Arabia
C8860,Sara,AlZahrani,Riyadh,Saudi Arabia
C4128,Omar,AlGhamdi,Tabuk,Saudi Arabia
C9307,Hussain,AlGhamdi,Medina,Saudi Arabia
C7217,Aisha,AlHarbi,Jubail,Saudi Arabia
C6696,Maha,AlMutairi,Abha,Saudi Arabia
C1238,Abdullah,AlZahrani,Mecca,Saudi Arabia
C5272,Aisha,AlMutairi,Hail,Saudi Arabia
C2754,Maha,AlShammari,Abha,Saudi Arabia
C8984,Aisha,AlOtaibi,Riyadh,Saudi Arabia
C8244,Aisha,AlMalki,Abha,Saudi Arabia
C4698,Maha,AlOtaibi,Riyadh,Saudi Arabia
C1926,Turki,AlZahrani,Riyadh,Saudi Arabia
C9450,Ali,AlSubaie,Hail,Saudi Arabia
C6689,Huda,AlHarbi,Medina,Saudi Arabia
C5874,Maha,AlMutairi,Mecca,Saudi Arabia
C3970,Aisha,AlSubaie,Tabuk,Saudi Arabia
C6439,Aisha,AlMalki,Tabuk,Saudi Arabia
C7651,Aisha,AlQahtani,Abha,Saudi Arabia
C7743,Abdullah,AlAnazi,Mecca,Saudi Arabia
C2424,Reem,AlQahtani,Abha,Saudi Arabia
C7094,Omar,AlOtaibi,Abha,Saudi Arabia
C4880,Turki,AlGhamdi,Riyadh,Saudi Arabia
C5950,Hussain,AlSubaie,Riyadh,Saudi Arabia
C5598,Abdullah,AlGhamdi,Hail,Saudi Arabia
C3262,Fahad,AlMalki,Mecca,Saudi Arabia
